x,y,width,height,confidence,class,image_path,tile_col,tile_row,object_centroid_x,object_centroid_y,geotransform,mylist,bb
783,385,429,635,0.5680122971534729,infested_tree,jpg/tile_0_15.jpg,0,15,997,68,"[259821.30138992154, 0.014080873475957724, 0.0, 1483939.228336625, 0.0, -0.014080873475957724]",1.1,"POLYGON ((259832.32671385322 1483933.8072003368, 259832.32671385322 1483924.8658456795, 259838.3674085744 1483924.8658456795, 259838.3674085744 1483933.8072003368, 259832.32671385322 1483933.8072003368))"
91,413,182,354,0.5230750441551208,infested_tree,jpg/tile_1_15.jpg,1,15,182,236,"[259835.3822633975, 0.014080873475957724, 0.0, 1483939.228336625, 0.0, -0.014080873475957724]",1.1,"POLYGON ((259836.66362288382 1483933.4129358795, 259836.66362288382 1483928.428306669, 259839.22634185644 1483928.428306669, 259839.22634185644 1483933.4129358795, 259836.66362288382 1483933.4129358795))"
174,578,345,423,0.5232828259468079,infested_tree,jpg/tile_2_12.jpg,2,12,346,367,"[259849.46313687347, 0.014080873475957724, 0.0, 1483981.470957053, 0.0, -0.014080873475957724]",1.1,"POLYGON ((259851.91320885828 1483973.3322121839, 259851.91320885828 1483967.3760027036, 259856.77111020748 1483967.3760027036, 259856.77111020748 1483973.3322121839, 259851.91320885828 1483973.3322121839))"
912,269,171,539,0.2892794907093048,infested_tree,jpg/tile_2_13.jpg,2,13,997,0,"[259849.46313687347, 0.014080873475957724, 0.0, 1483967.3900835768, 0.0, -0.014080873475957724]",1.1,"POLYGON ((259862.30489348355 1483963.6023286118, 259862.30489348355 1483956.0127378083, 259864.71272284794 1483956.0127378083, 259864.71272284794 1483963.6023286118, 259862.30489348355 1483963.6023286118))"
112,722,225,545,0.5049431920051575,infested_tree,jpg/tile_3_14.jpg,3,14,224,450,"[259863.5440103494, 0.014080873475957724, 0.0, 1483953.309210101, 0.0, -0.014080873475957724]",1.1,"POLYGON ((259865.1210681787 1483943.1428194512, 259865.1210681787 1483935.4687434067, 259868.2892647108 1483935.4687434067, 259868.2892647108 1483943.1428194512, 259865.1210681787 1483943.1428194512))"
859,260,278,501,0.3128587901592254,infested_tree,jpg/tile_3_15.jpg,3,15,998,10,"[259863.5440103494, 0.014080873475957724, 0.0, 1483939.228336625, 0.0, -0.014080873475957724]",1.1,"POLYGON ((259875.63948066524 1483935.5673095214, 259875.63948066524 1483928.51279191, 259879.55396349155 1483928.51279191, 259879.55396349155 1483935.5673095214, 259875.63948066524 1483935.5673095214))"
871,775,257,448,0.5334631204605103,infested_tree,jpg/tile_3_17.jpg,3,17,999,551,"[259863.5440103494, 0.014080873475957724, 0.0, 1483911.066589673, 0.0, -0.014080873475957724]",1.1,"POLYGON ((259875.80845114696 1483900.1539127291, 259875.80845114696 1483893.845681412, 259879.42723563028 1483893.845681412, 259879.42723563028 1483900.1539127291, 259875.80845114696 1483900.1539127291))"
666,881,292,237,0.3886386752128601,infested_tree,jpg/tile_3_17.jpg,3,17,812,763,"[259863.5440103494, 0.014080873475957724, 0.0, 1483911.066589673, 0.0, -0.014080873475957724]",1.1,"POLYGON ((259872.92187208438 1483898.6613401407, 259872.92187208438 1483895.3241731268, 259877.03348713936 1483895.3241731268, 259877.03348713936 1483898.6613401407, 259872.92187208438 1483898.6613401407))"
685,631,278,290,0.2764831185340881,infested_tree,jpg/tile_3_17.jpg,3,17,824,486,"[259863.5440103494, 0.014080873475957724, 0.0, 1483911.066589673, 0.0, -0.014080873475957724]",1.1,"POLYGON ((259873.18940868042 1483902.1815585098, 259873.18940868042 1483898.0981052017, 259877.10389150673 1483898.0981052017, 259877.10389150673 1483902.1815585098, 259873.18940868042 1483902.1815585098))"
499,429,389,328,0.5473714470863342,infested_tree,jpg/tile_3_18.jpg,3,18,693,265,"[259863.5440103494, 0.014080873475957724, 0.0, 1483896.9857161972, 0.0, -0.014080873475957724]",1.1,"POLYGON ((259870.5703662139 1483890.945021476, 259870.5703662139 1483886.3264949757, 259876.04782599607 1483886.3264949757, 259876.04782599607 1483890.945021476, 259870.5703662139 1483890.945021476))"
817,671,357,451,0.509223222732544,infested_tree,jpg/tile_3_18.jpg,3,18,995,446,"[259863.5440103494, 0.014080873475957724, 0.0, 1483896.9857161972, 0.0, -0.014080873475957724]",1.1,"POLYGON ((259875.04808397926 1483887.5374500947, 259875.04808397926 1483881.1869761571, 259880.07495581018 1483881.1869761571, 259880.07495581018 1483887.5374500947, 259875.04808397926 1483887.5374500947))"
612,142,596,285,0.505511999130249,infested_tree,jpg/tile_3_18.jpg,3,18,910,0,"[259863.5440103494, 0.014080873475957724, 0.0, 1483896.9857161972, 0.0, -0.014080873475957724]",1.1,"POLYGON ((259872.1615049167 1483894.9862321636, 259872.1615049167 1483890.973183223, 259880.55370550838 1483890.973183223, 259880.55370550838 1483894.9862321636, 259872.1615049167 1483894.9862321636))"
775,168,437,337,0.7844140529632568,infested_tree,jpg/tile_3_19.jpg,3,19,993,0,"[259863.5440103494, 0.014080873475957724, 0.0, 1483882.904842721, 0.0, -0.014080873475957724]",1.1,"POLYGON ((259874.45668729328 1483880.5392559771, 259874.45668729328 1483875.7940016158, 259880.61002900227 1483875.7940016158, 259880.61002900227 1483880.5392559771, 259874.45668729328 1483880.5392559771))"
787,742,415,498,0.6467126607894897,infested_tree,jpg/tile_3_20.jpg,3,20,994,493,"[259863.5440103494, 0.014080873475957724, 0.0, 1483868.8239692452, 0.0, -0.014080873475957724]",1.1,"POLYGON ((259874.62565777497 1483858.375961126, 259874.62565777497 1483851.363686135, 259880.4692202675 1483851.363686135, 259880.4692202675 1483858.375961126, 259874.62565777497 1483858.375961126))"
825,171,343,307,0.4510431289672851,infested_tree,jpg/tile_3_21.jpg,3,21,996,18,"[259863.5440103494, 0.014080873475957724, 0.0, 1483854.7430957693, 0.0, -0.014080873475957724]",1.1,"POLYGON ((259875.16073096707 1483852.335266405, 259875.16073096707 1483848.012438248, 259879.99047056932 1483848.012438248, 259879.99047056932 1483852.335266405, 259875.16073096707 1483852.335266405))"
785,708,412,382,0.3685573935508728,healthy_tree,jpg/tile_4_11.jpg,4,11,991,517,"[259877.62488382537, 0.014080873475957724, 0.0, 1483995.5518305288, 0.0, -0.014080873475957724]",1.1,"POLYGON ((259888.678369504 1483985.582572108, 259888.678369504 1483980.20367844, 259894.47968937608 1483980.20367844, 259894.47968937608 1483985.582572108, 259888.678369504 1483985.582572108))"
136,278,267,529,0.6166191101074219,infested_tree,jpg/tile_4_15.jpg,4,15,269,14,"[259877.62488382537, 0.014080873475957724, 0.0, 1483939.228336625, 0.0, -0.014080873475957724]",1.1,"POLYGON ((259879.5398826181 1483935.3138537987, 259879.5398826181 1483927.86507173, 259883.29947583616 1483927.86507173, 259883.29947583616 1483935.3138537987, 259879.5398826181 1483935.3138537987))"
767,283,435,545,0.4281278550624847,infested_tree,jpg/tile_4_15.jpg,4,15,984,11,"[259877.62488382537, 0.014080873475957724, 0.0, 1483939.228336625, 0.0, -0.014080873475957724]",1.1,"POLYGON ((259888.42491378143 1483935.2434494314, 259888.42491378143 1483927.569373387, 259894.55009374348 1483927.569373387, 259894.55009374348 1483935.2434494314, 259888.42491378143 1483935.2434494314))"
583,753,292,231,0.4981198310852051,healthy_tree,jpg/tile_4_16.jpg,4,16,729,638,"[259877.62488382537, 0.014080873475957724, 0.0, 1483925.147463149, 0.0, -0.014080873475957724]",1.1,"POLYGON ((259885.83403306184 1483914.5445654215, 259885.83403306184 1483911.2918836486, 259889.94564811682 1483911.2918836486, 259889.94564811682 1483914.5445654215, 259885.83403306184 1483914.5445654215))"
277,803,501,385,0.3877537250518799,infested_tree,jpg/tile_4_17.jpg,4,17,527,611,"[259877.62488382537, 0.014080873475957724, 0.0, 1483911.066589673, 0.0, -0.014080873475957724]",1.1,"POLYGON ((259881.52528577822 1483899.7596482718, 259881.52528577822 1483894.3385119836, 259888.57980338967 1483894.3385119836, 259888.57980338967 1483899.7596482718, 259881.52528577822 1483899.7596482718))"
773,470,437,543,0.3569071888923645,infested_tree,jpg/tile_4_17.jpg,4,17,991,199,"[259877.62488382537, 0.014080873475957724, 0.0, 1483911.066589673, 0.0, -0.014080873475957724]",1.1,"POLYGON ((259888.5093990223 1483904.4485791393, 259888.5093990223 1483896.8026648418, 259894.6627407313 1483896.8026648418, 259894.6627407313 1483904.4485791393, 259888.5093990223 1483904.4485791393))"
175,782,351,420,0.587061882019043,infested_tree,jpg/tile_4_18.jpg,4,18,350,572,"[259877.62488382537, 0.014080873475957724, 0.0, 1483896.9857161972, 0.0, -0.014080873475957724]",1.1,"POLYGON ((259880.08903668367 1483885.974473139, 259880.08903668367 1483880.060506279, 259885.03142327373 1483880.060506279, 259885.03142327373 1483885.974473139, 259880.08903668367 1483885.974473139))"
582,892,598,215,0.4477115273475647,infested_tree,jpg/tile_4_18.jpg,4,18,881,785,"[259877.62488382537, 0.014080873475957724, 0.0, 1483896.9857161972, 0.0, -0.014080873475957724]",1.1,"POLYGON ((259885.81995218838 1483884.4255770566, 259885.81995218838 1483881.3981892592, 259894.240314527 1483881.3981892592, 259894.240314527 1483884.4255770566, 259885.81995218838 1483884.4255770566))"
282,75,556,150,0.3225333094596863,infested_tree,jpg/tile_4_18.jpg,4,18,560,0,"[259877.62488382537, 0.014080873475957724, 0.0, 1483896.9857161972, 0.0, -0.014080873475957724]",1.1,"POLYGON ((259881.5956901456 1483895.9296506864, 259881.5956901456 1483893.817519665, 259889.42465579824 1483893.817519665, 259889.42465579824 1483895.9296506864, 259881.5956901456 1483895.9296506864))"
778,64,440,128,0.2684630155563354,infested_tree,jpg/tile_4_18.jpg,4,18,998,0,"[259877.62488382537, 0.014080873475957724, 0.0, 1483896.9857161972, 0.0, -0.014080873475957724]",1.1,"POLYGON ((259888.57980338967 1483896.0845402947, 259888.57980338967 1483894.2821884898, 259894.7753877191 1483894.2821884898, 259894.7753877191 1483896.0845402947, 259888.57980338967 1483896.0845402947))"
160,189,320,376,0.5865634083747864,infested_tree,jpg/tile_4_19.jpg,4,19,320,1,"[259877.62488382537, 0.014080873475957724, 0.0, 1483882.904842721, 0.0, -0.014080873475957724]",1.1,"POLYGON ((259879.8778235815 1483880.243557634, 259879.8778235815 1483874.9491492072, 259884.38370309383 1483874.9491492072, 259884.38370309383 1483880.243557634, 259879.8778235815 1483880.243557634))"
611,522,623,592,0.4850525259971618,infested_tree,jpg/tile_4_19.jpg,4,19,922,226,"[259877.62488382537, 0.014080873475957724, 0.0, 1483882.904842721, 0.0, -0.014080873475957724]",1.1,"POLYGON ((259886.22829751918 1483875.5546267666, 259886.22829751918 1483867.218749669, 259895.0006816947 1483867.218749669, 259895.0006816947 1483875.5546267666, 259886.22829751918 1483875.5546267666))"
277,335,501,556,0.3790932893753052,healthy_tree,jpg/tile_4_19.jpg,4,19,527,57,"[259877.62488382537, 0.014080873475957724, 0.0, 1483882.904842721, 0.0, -0.014080873475957724]",1.1,"POLYGON ((259881.52528577822 1483878.1877501067, 259881.52528577822 1483870.358784454, 259888.57980338967 1483870.358784454, 259888.57980338967 1483878.1877501067, 259881.52528577822 1483878.1877501067))"
615,832,646,334,0.49649578332901,infested_tree,jpg/tile_4_20.jpg,4,20,938,665,"[259877.62488382537, 0.014080873475957724, 0.0, 1483868.8239692452, 0.0, -0.014080873475957724]",1.1,"POLYGON ((259886.28462101307 1483857.1086825132, 259886.28462101307 1483852.4056707723, 259895.38086527854 1483852.4056707723, 259895.38086527854 1483857.1086825132, 259886.28462101307 1483857.1086825132))"
135,864,271,270,0.2923358082771301,infested_tree,jpg/tile_4_20.jpg,4,20,270,729,"[259877.62488382537, 0.014080873475957724, 0.0, 1483868.8239692452, 0.0, -0.014080873475957724]",1.1,"POLYGON ((259879.52580174463 1483856.658094562, 259879.52580174463 1483852.8562587234, 259883.34171845662 1483852.8562587234, 259883.34171845662 1483856.658094562, 259879.52580174463 1483856.658094562))"
470,467,390,420,0.6781785488128662,infested_tree,jpg/tile_4_21.jpg,4,21,665,257,"[259877.62488382537, 0.014080873475957724, 0.0, 1483854.7430957693, 0.0, -0.014080873475957724]",1.1,"POLYGON ((259884.24289435908 1483848.167327856, 259884.24289435908 1483842.253360996, 259889.7344350147 1483842.253360996, 259889.7344350147 1483848.167327856, 259884.24289435908 1483848.167327856))"
179,128,359,256,0.5414980053901672,infested_tree,jpg/tile_4_21.jpg,4,21,358,0,"[259877.62488382537, 0.014080873475957724, 0.0, 1483854.7430957693, 0.0, -0.014080873475957724]",1.1,"POLYGON ((259880.14536017756 1483852.9407439644, 259880.14536017756 1483849.3360403546, 259885.20039375543 1483849.3360403546, 259885.20039375543 1483852.9407439644, 259880.14536017756 1483852.9407439644))"
907,369,185,373,0.3089966177940368,infested_tree,jpg/tile_4_21.jpg,4,21,999,183,"[259877.62488382537, 0.014080873475957724, 0.0, 1483854.7430957693, 0.0, -0.014080873475957724]",1.1,"POLYGON ((259890.39623606807 1483849.5472534567, 259890.39623606807 1483844.2950876502, 259893.00119766113 1483844.2950876502, 259893.00119766113 1483849.5472534567, 259890.39623606807 1483849.5472534567))"
881,870,237,256,0.4642651081085205,healthy_tree,jpg/tile_5_11.jpg,5,11,999,742,"[259891.70575730133, 0.014080873475957724, 0.0, 1483995.5518305288, 0.0, -0.014080873475957724]",1.1,"POLYGON ((259904.11100683364 1483983.3014706047, 259904.11100683364 1483979.696766995, 259907.44817384746 1483979.696766995, 259907.44817384746 1483983.3014706047, 259904.11100683364 1483983.3014706047))"
617,825,742,350,0.3231441378593445,infested_tree,jpg/tile_5_14.jpg,5,14,988,650,"[259891.70575730133, 0.014080873475957724, 0.0, 1483953.309210101, 0.0, -0.014080873475957724]",1.1,"POLYGON ((259900.393656236 1483941.6924894832, 259900.393656236 1483936.7641837667, 259910.84166435516 1483936.7641837667, 259910.84166435516 1483941.6924894832, 259900.393656236 1483941.6924894832))"
788,227,417,454,0.6148375272750854,infested_tree,jpg/tile_5_15.jpg,5,15,996,0,"[259891.70575730133, 0.014080873475957724, 0.0, 1483939.228336625, 0.0, -0.014080873475957724]",1.1,"POLYGON ((259902.8014856004 1483936.031978346, 259902.8014856004 1483929.6392617878, 259908.67320983985 1483929.6392617878, 259908.67320983985 1483936.031978346, 259902.8014856004 1483936.031978346))"
98,258,193,407,0.5229414701461792,infested_tree,jpg/tile_5_15.jpg,5,15,194,55,"[259891.70575730133, 0.014080873475957724, 0.0, 1483939.228336625, 0.0, -0.014080873475957724]",1.1,"POLYGON ((259893.08568290196 1483935.5954712683, 259893.08568290196 1483929.8645557635, 259895.80329148282 1483929.8645557635, 259895.80329148282 1483935.5954712683, 259893.08568290196 1483935.5954712683))"
112,792,225,414,0.3277540802955627,infested_tree,jpg/tile_5_17.jpg,5,17,224,585,"[259891.70575730133, 0.014080873475957724, 0.0, 1483911.066589673, 0.0, -0.014080873475957724]",1.1,"POLYGON ((259893.28281513063 1483899.91453788, 259893.28281513063 1483894.0850562612, 259896.45101166272 1483894.0850562612, 259896.45101166272 1483899.91453788, 259893.28281513063 1483899.91453788))"
789,785,404,415,0.2909089624881744,infested_tree,jpg/tile_5_17.jpg,5,17,991,578,"[259891.70575730133, 0.014080873475957724, 0.0, 1483911.066589673, 0.0, -0.014080873475957724]",1.1,"POLYGON ((259902.81556647387 1483900.0131039943, 259902.81556647387 1483894.1695415017, 259908.50423935815 1483894.1695415017, 259908.50423935815 1483900.0131039943, 259902.81556647387 1483900.0131039943))"
769,715,457,521,0.5958520174026489,infested_tree,jpg/tile_5_19.jpg,5,19,997,455,"[259891.70575730133, 0.014080873475957724, 0.0, 1483882.904842721, 0.0, -0.014080873475957724]",1.1,"POLYGON ((259902.53394900434 1483872.8370181858, 259902.53394900434 1483865.5008831047, 259908.96890818284 1483865.5008831047, 259908.96890818284 1483872.8370181858, 259902.53394900434 1483872.8370181858))"
216,671,426,523,0.4735338389873504,infested_tree,jpg/tile_5_19.jpg,5,19,429,410,"[259891.70575730133, 0.014080873475957724, 0.0, 1483882.904842721, 0.0, -0.014080873475957724]",1.1,"POLYGON ((259894.74722597213 1483873.4565766186, 259894.74722597213 1483866.0922797907, 259900.74567807288 1483866.0922797907, 259900.74567807288 1483873.4565766186, 259894.74722597213 1483873.4565766186))"
182,345,364,612,0.441577285528183,healthy_tree,jpg/tile_5_19.jpg,5,19,364,39,"[259891.70575730133, 0.014080873475957724, 0.0, 1483882.904842721, 0.0, -0.014080873475957724]",1.1,"POLYGON ((259894.26847627395 1483878.0469413719, 259894.26847627395 1483869.4294468046, 259899.3939142192 1483869.4294468046, 259899.3939142192 1483878.0469413719, 259894.26847627395 1483878.0469413719))"
625,378,673,584,0.2793582677841186,infested_tree,jpg/tile_5_19.jpg,5,19,961,86,"[259891.70575730133, 0.014080873475957724, 0.0, 1483882.904842721, 0.0, -0.014080873475957724]",1.1,"POLYGON ((259900.5063032238 1483877.582272547, 259900.5063032238 1483869.359042437, 259909.98273107313 1483869.359042437, 259909.98273107313 1483877.582272547, 259900.5063032238 1483877.582272547))"
230,168,432,331,0.5452396273612976,infested_tree,jpg/tile_5_21.jpg,5,21,446,3,"[259891.70575730133, 0.014080873475957724, 0.0, 1483854.7430957693, 0.0, -0.014080873475957724]",1.1,"POLYGON ((259894.9443582008 1483852.3775090254, 259894.9443582008 1483847.7167399048, 259901.02729554242 1483847.7167399048, 259901.02729554242 1483852.3775090254, 259894.9443582008 1483852.3775090254))"
886,785,226,406,0.2696805596351623,healthy_tree,jpg/tile_6_6.jpg,6,6,999,582,"[259905.7866307773, 0.014080873475957724, 0.0, 1484065.9561979086, 0.0, -0.014080873475957724]",1.1,"POLYGON ((259918.26228467698 1484054.9027122299, 259918.26228467698 1484049.1858775986, 259921.44456208256 1484049.1858775986, 259921.44456208256 1484054.9027122299, 259918.26228467698 1484054.9027122299))"
817,133,360,267,0.4660564363002777,infested_tree,jpg/tile_6_7.jpg,6,7,997,0,"[259905.7866307773, 0.014080873475957724, 0.0, 1484051.8753244327, 0.0, -0.014080873475957724]",1.1,"POLYGON ((259917.29070440715 1484050.0025682605, 259917.29070440715 1484046.2429750424, 259922.3598188585 1484046.2429750424, 259922.3598188585 1484050.0025682605, 259917.29070440715 1484050.0025682605))"
762,825,475,345,0.6057890057563782,healthy_tree,jpg/tile_6_14.jpg,6,14,999,653,"[259905.7866307773, 0.014080873475957724, 0.0, 1483953.309210101, 0.0, -0.014080873475957724]",1.1,"POLYGON ((259916.51625636598 1483941.6924894832, 259916.51625636598 1483936.834588134, 259923.20467126707 1483936.834588134, 259923.20467126707 1483941.6924894832, 259916.51625636598 1483941.6924894832))"
749,825,501,350,0.4531706273555755,infested_tree,jpg/tile_6_14.jpg,6,14,999,650,"[259905.7866307773, 0.014080873475957724, 0.0, 1483953.309210101, 0.0, -0.014080873475957724]",1.1,"POLYGON ((259916.33320501077 1483941.6924894832, 259916.33320501077 1483936.7641837667, 259923.38772262222 1483936.7641837667, 259923.38772262222 1483941.6924894832, 259916.33320501077 1483941.6924894832))"
220,319,440,629,0.4498806893825531,infested_tree,jpg/tile_6_15.jpg,6,15,440,5,"[259905.7866307773, 0.014080873475957724, 0.0, 1483939.228336625, 0.0, -0.014080873475957724]",1.1,"POLYGON ((259908.884422942 1483934.7365379862, 259908.884422942 1483925.87966857, 259915.08000727143 1483925.87966857, 259915.08000727143 1483934.7365379862, 259908.884422942 1483934.7365379862))"
470,878,559,243,0.68212890625,healthy_tree,jpg/tile_6_16.jpg,6,16,749,757,"[259905.7866307773, 0.014080873475957724, 0.0, 1483925.147463149, 0.0, -0.014080873475957724]",1.1,"POLYGON ((259912.404641311 1483912.784456237, 259912.404641311 1483909.3628039823, 259920.27584958405 1483909.3628039823, 259920.27584958405 1483912.784456237, 259912.404641311 1483912.784456237))"
475,151,568,303,0.6258369088172913,infested_tree,jpg/tile_6_17.jpg,6,17,759,0,"[259905.7866307773, 0.014080873475957724, 0.0, 1483911.066589673, 0.0, -0.014080873475957724]",1.1,"POLYGON ((259912.47504567838 1483908.9403777781, 259912.47504567838 1483904.6738731149, 259920.47298181272 1483904.6738731149, 259920.47298181272 1483908.9403777781, 259912.47504567838 1483908.9403777781))"
197,376,392,487,0.468192309141159,infested_tree,jpg/tile_6_17.jpg,6,17,393,133,"[259905.7866307773, 0.014080873475957724, 0.0, 1483911.066589673, 0.0, -0.014080873475957724]",1.1,"POLYGON ((259908.56056285204 1483905.7721812462, 259908.56056285204 1483898.9147958634, 259914.08026525463 1483898.9147958634, 259914.08026525463 1483905.7721812462, 259908.56056285204 1483905.7721812462))"
818,722,362,548,0.3677100837230682,infested_tree,jpg/tile_6_17.jpg,6,17,999,448,"[259905.7866307773, 0.014080873475957724, 0.0, 1483911.066589673, 0.0, -0.014080873475957724]",1.1,"POLYGON ((259917.30478528063 1483900.9001990233, 259917.30478528063 1483893.1838803585, 259922.40206147893 1483893.1838803585, 259922.40206147893 1483900.9001990233, 259917.30478528063 1483900.9001990233))"
229,748,453,490,0.2694247961044311,infested_tree,jpg/tile_6_17.jpg,6,17,455,503,"[259905.7866307773, 0.014080873475957724, 0.0, 1483911.066589673, 0.0, -0.014080873475957724]",1.1,"POLYGON ((259909.0111508033 1483900.534096313, 259909.0111508033 1483893.6344683098, 259915.3897864879 1483893.6344683098, 259915.3897864879 1483900.534096313, 259909.0111508033 1483900.534096313))"
858,272,282,492,0.6175345778465271,infested_tree,jpg/tile_6_19.jpg,6,19,999,26,"[259905.7866307773, 0.014080873475957724, 0.0, 1483882.904842721, 0.0, -0.014080873475957724]",1.1,"POLYGON ((259917.86802021967 1483879.0748451357, 259917.86802021967 1483872.1470553854, 259921.8388265399 1483872.1470553854, 259921.8388265399 1483879.0748451357, 259917.86802021967 1483879.0748451357))"
214,683,428,532,0.4471850395202636,infested_tree,jpg/tile_6_19.jpg,6,19,428,417,"[259905.7866307773, 0.014080873475957724, 0.0, 1483882.904842721, 0.0, -0.014080873475957724]",1.1,"POLYGON ((259908.79993770114 1483873.2876061369, 259908.79993770114 1483865.7965814476, 259914.82655154885 1483865.7965814476, 259914.82655154885 1483873.2876061369, 259908.79993770114 1483873.2876061369))"
274,312,517,503,0.3526802062988281,infested_tree,jpg/tile_6_19.jpg,6,19,532,61,"[259905.7866307773, 0.014080873475957724, 0.0, 1483882.904842721, 0.0, -0.014080873475957724]",1.1,"POLYGON ((259909.6447901097 1483878.5116101967, 259909.6447901097 1483871.4289308384, 259916.92460169678 1483871.4289308384, 259916.92460169678 1483878.5116101967, 259909.6447901097 1483878.5116101967))"
692,411,143,120,0.3051292598247528,infested_tree,jpg/tile_6_20.jpg,6,20,763,351,"[259905.7866307773, 0.014080873475957724, 0.0, 1483868.8239692452, 0.0, -0.014080873475957724]",1.1,"POLYGON ((259915.53059522266 1483863.0367302466, 259915.53059522266 1483861.3470254296, 259917.54416012974 1483861.3470254296, 259917.54416012974 1483863.0367302466, 259915.53059522266 1483863.0367302466))"
691,411,142,117,0.3002814054489136,healthy_tree,jpg/tile_6_20.jpg,6,20,762,353,"[259905.7866307773, 0.014080873475957724, 0.0, 1483868.8239692452, 0.0, -0.014080873475957724]",1.1,"POLYGON ((259915.51651434918 1483863.0367302466, 259915.51651434918 1483861.38926805, 259917.51599838276 1483861.38926805, 259917.51599838276 1483863.0367302466, 259915.51651434918 1483863.0367302466))"
314,918,620,162,0.267753005027771,infested_tree,jpg/tile_6_20.jpg,6,20,624,837,"[259905.7866307773, 0.014080873475957724, 0.0, 1483868.8239692452, 0.0, -0.014080873475957724]",1.1,"POLYGON ((259910.20802504875 1483855.8977273942, 259910.20802504875 1483853.616625891, 259918.93816660385 1483853.616625891, 259918.93816660385 1483855.8977273942, 259910.20802504875 1483855.8977273942))"
290,91,271,179,0.746769905090332,healthy_tree,jpg/tile_6_21.jpg,6,21,425,2,"[259905.7866307773, 0.014080873475957724, 0.0, 1483854.7430957693, 0.0, -0.014080873475957724]",1.1,"POLYGON ((259909.87008408533 1483853.461736283, 259909.87008408533 1483850.9412599308, 259913.68600079732 1483850.9412599308, 259913.68600079732 1483853.461736283, 259909.87008408533 1483853.461736283))"
121,118,242,237,0.2628454566001892,infested_tree,jpg/tile_7_7.jpg,7,7,242,0,"[259919.86750425326, 0.014080873475957724, 0.0, 1484051.8753244327, 0.0, -0.014080873475957724]",1.1,"POLYGON ((259921.57128994385 1484050.2137813626, 259921.57128994385 1484046.8766143487, 259924.97886132504 1484046.8766143487, 259924.97886132504 1484050.2137813626, 259921.57128994385 1484050.2137813626))"
682,866,346,267,0.6025702953338623,infested_tree,jpg/tile_7_14.jpg,7,14,855,733,"[259919.86750425326, 0.014080873475957724, 0.0, 1483953.309210101, 0.0, -0.014080873475957724]",1.1,"POLYGON ((259929.47065996384 1483941.1151736707, 259929.47065996384 1483937.3555804526, 259934.34264218653 1483937.3555804526, 259934.34264218653 1483941.1151736707, 259929.47065996384 1483941.1151736707))"
824,661,351,435,0.2646845579147339,infested_tree,jpg/tile_7_17.jpg,7,17,999,444,"[259919.86750425326, 0.014080873475957724, 0.0, 1483911.066589673, 0.0, -0.014080873475957724]",1.1,"POLYGON ((259931.47014399743 1483901.7591323054, 259931.47014399743 1483895.6339523434, 259936.4125305875 1483895.6339523434, 259936.4125305875 1483901.7591323054, 259931.47014399743 1483901.7591323054))"
207,660,414,525,0.5541012287139893,infested_tree,jpg/tile_7_19.jpg,7,19,414,398,"[259919.86750425326, 0.014080873475957724, 0.0, 1483882.904842721, 0.0, -0.014080873475957724]",1.1,"POLYGON ((259922.7822450628 1483873.6114662269, 259922.7822450628 1483866.219007652, 259928.61172668185 1483866.219007652, 259928.61172668185 1483873.6114662269, 259922.7822450628 1483873.6114662269))"
307,323,590,534,0.5503286719322205,infested_tree,jpg/tile_7_19.jpg,7,19,602,56,"[259919.86750425326, 0.014080873475957724, 0.0, 1483882.904842721, 0.0, -0.014080873475957724]",1.1,"POLYGON ((259924.19033241036 1483878.3567205884, 259924.19033241036 1483870.8375341522, 259932.49804776118 1483870.8375341522, 259932.49804776118 1483878.3567205884, 259924.19033241036 1483878.3567205884))"
222,917,432,164,0.2960102558135986,infested_tree,jpg/tile_7_20.jpg,7,20,438,835,"[259919.86750425326, 0.014080873475957724, 0.0, 1483868.8239692452, 0.0, -0.014080873475957724]",1.1,"POLYGON ((259922.9934581649 1483855.9118082677, 259922.9934581649 1483853.6025450176, 259929.07639550653 1483853.6025450176, 259929.07639550653 1483855.9118082677, 259922.9934581649 1483855.9118082677))"
209,318,415,453,0.6722068786621094,healthy_tree,jpg/tile_7_21.jpg,7,21,416,92,"[259919.86750425326, 0.014080873475957724, 0.0, 1483854.7430957693, 0.0, -0.014080873475957724]",1.1,"POLYGON ((259922.81040680973 1483850.265378004, 259922.81040680973 1483843.8867423194, 259928.65396930225 1483843.8867423194, 259928.65396930225 1483850.265378004, 259922.81040680973 1483850.265378004))"
160,115,314,221,0.3022480010986328,infested_tree,jpg/tile_8_12.jpg,8,12,317,5,"[259933.94837772922, 0.014080873475957724, 0.0, 1483981.470957053, 0.0, -0.014080873475957724]",1.1,"POLYGON ((259936.20131748536 1483979.8516566032, 259936.20131748536 1483976.739783565, 259940.62271175682 1483976.739783565, 259940.62271175682 1483979.8516566032, 259936.20131748536 1483979.8516566032))"
641,632,460,453,0.4659577012062073,infested_tree,jpg/tile_8_14.jpg,8,14,871,406,"[259933.94837772922, 0.014080873475957724, 0.0, 1483953.309210101, 0.0, -0.014080873475957724]",1.1,"POLYGON ((259942.9742176273 1483944.410098064, 259942.9742176273 1483938.0314623795, 259949.45141942624 1483938.0314623795, 259949.45141942624 1483944.410098064, 259942.9742176273 1483944.410098064))"
331,644,456,414,0.6698264479637146,infested_tree,jpg/tile_8_17.jpg,8,17,559,437,"[259933.94837772922, 0.014080873475957724, 0.0, 1483911.066589673, 0.0, -0.014080873475957724]",1.1,"POLYGON ((259938.60914684975 1483901.9985071546, 259938.60914684975 1483896.1690255357, 259945.0300251548 1483896.1690255357, 259945.0300251548 1483901.9985071546, 259938.60914684975 1483901.9985071546))"
267,282,501,506,0.350569874048233,infested_tree,jpg/tile_8_17.jpg,8,17,517,29,"[259933.94837772922, 0.014080873475957724, 0.0, 1483911.066589673, 0.0, -0.014080873475957724]",1.1,"POLYGON ((259937.7079709473 1483907.0957833529, 259937.7079709473 1483899.970861374, 259944.76248855874 1483899.970861374, 259944.76248855874 1483907.0957833529, 259937.7079709473 1483907.0957833529))"
807,374,384,610,0.3428069949150085,infested_tree,jpg/tile_8_17.jpg,8,17,999,69,"[259933.94837772922, 0.014080873475957724, 0.0, 1483911.066589673, 0.0, -0.014080873475957724]",1.1,"POLYGON ((259945.31164262432 1483905.800342993, 259945.31164262432 1483897.2110101727, 259950.7186980391 1483897.2110101727, 259950.7186980391 1483905.800342993, 259945.31164262432 1483905.800342993))"
484,891,778,214,0.272386372089386,infested_tree,jpg/tile_8_18.jpg,8,18,873,784,"[259933.94837772922, 0.014080873475957724, 0.0, 1483896.9857161972, 0.0, -0.014080873475957724]",1.1,"POLYGON ((259940.76352049157 1483884.43965793, 259940.76352049157 1483881.4263510061, 259951.71844005588 1483881.4263510061, 259951.71844005588 1483884.43965793, 259940.76352049157 1483884.43965793))"
158,491,314,404,0.5555978417396545,infested_tree,jpg/tile_8_19.jpg,8,19,315,289,"[259933.94837772922, 0.014080873475957724, 0.0, 1483882.904842721, 0.0, -0.014080873475957724]",1.1,"POLYGON ((259936.17315573842 1483875.9911338445, 259936.17315573842 1483870.30246096, 259940.59455000988 1483870.30246096, 259940.59455000988 1483875.9911338445, 259936.17315573842 1483875.9911338445))"
840,158,318,314,0.4438109993934631,infested_tree,jpg/tile_8_19.jpg,8,19,999,1,"[259933.94837772922, 0.014080873475957724, 0.0, 1483882.904842721, 0.0, -0.014080873475957724]",1.1,"POLYGON ((259945.77631144904 1483880.680064712, 259945.77631144904 1483876.2586704404, 259950.25402921438 1483876.2586704404, 259950.25402921438 1483880.680064712, 259945.77631144904 1483880.680064712))"
220,178,431,346,0.4201060533523559,infested_tree,jpg/tile_8_19.jpg,8,19,435,5,"[259933.94837772922, 0.014080873475957724, 0.0, 1483882.904842721, 0.0, -0.014080873475957724]",1.1,"POLYGON ((259937.04616989393 1483880.3984472423, 259937.04616989393 1483875.5264650197, 259943.11502636207 1483875.5264650197, 259943.11502636207 1483880.3984472423, 259937.04616989393 1483880.3984472423))"
453,412,426,465,0.2995679378509521,infested_tree,jpg/tile_8_19.jpg,8,19,666,180,"[259933.94837772922, 0.014080873475957724, 0.0, 1483882.904842721, 0.0, -0.014080873475957724]",1.1,"POLYGON ((259940.32701341383 1483877.103522849, 259940.32701341383 1483870.5559166828, 259946.3254655146 1483870.5559166828, 259946.3254655146 1483877.103522849, 259940.32701341383 1483877.103522849))"
926,117,146,235,0.2716546058654785,infested_tree,jpg/tile_9_3.jpg,9,3,999,0,"[259948.02925120515, 0.014080873475957724, 0.0, 1484108.1988183365, 0.0, -0.014080873475957724]",1.1,"POLYGON ((259961.06814004388 1484106.5513561398, 259961.06814004388 1484103.242350873, 259963.12394757138 1484103.242350873, 259963.12394757138 1484106.5513561398, 259961.06814004388 1484106.5513561398))"
273,429,509,506,0.6131535172462463,infested_tree,jpg/tile_9_17.jpg,9,17,527,176,"[259948.02925120515, 0.014080873475957724, 0.0, 1483911.066589673, 0.0, -0.014080873475957724]",1.1,"POLYGON ((259951.8733296641 1483905.0258949518, 259951.8733296641 1483897.9009729729, 259959.04049426335 1483897.9009729729, 259959.04049426335 1483905.0258949518, 259951.8733296641 1483905.0258949518))"
221,906,443,187,0.3395043015480041,infested_tree,jpg/tile_9_18.jpg,9,18,442,813,"[259948.02925120515, 0.014080873475957724, 0.0, 1483896.9857161972, 0.0, -0.014080873475957724]",1.1,"POLYGON ((259951.14112424335 1483884.228444828, 259951.14112424335 1483881.5953214879, 259957.3789511932 1483881.5953214879, 259957.3789511932 1483884.228444828, 259951.14112424335 1483884.228444828))"
810,885,378,228,0.3107405602931976,infested_tree,jpg/tile_9_18.jpg,9,18,999,771,"[259948.02925120515, 0.014080873475957724, 0.0, 1483896.9857161972, 0.0, -0.014080873475957724]",1.1,"POLYGON ((259959.4347587207 1483884.524143171, 259959.4347587207 1483881.3137040185, 259964.7573288946 1483881.3137040185, 259964.7573288946 1483884.524143171, 259959.4347587207 1483884.524143171))"
198,132,396,264,0.6076748371124268,infested_tree,jpg/tile_9_19.jpg,9,19,396,0,"[259948.02925120515, 0.014080873475957724, 0.0, 1483882.904842721, 0.0, -0.014080873475957724]",1.1,"POLYGON ((259950.8172641534 1483881.0461674223, 259950.8172641534 1483877.3288168246, 259956.39329004986 1483877.3288168246, 259956.39329004986 1483881.0461674223, 259950.8172641534 1483881.0461674223))"
730,282,407,464,0.5489969849586487,infested_tree,jpg/tile_9_19.jpg,9,19,933,50,"[259948.02925120515, 0.014080873475957724, 0.0, 1483882.904842721, 0.0, -0.014080873475957724]",1.1,"POLYGON ((259958.3082888426 1483878.9340364009, 259958.3082888426 1483872.400511108, 259964.03920434733 1483872.400511108, 259964.03920434733 1483878.9340364009, 259958.3082888426 1483878.9340364009))"
148,367,290,404,0.351970762014389,infested_tree,jpg/tile_9_19.jpg,9,19,293,165,"[259948.02925120515, 0.014080873475957724, 0.0, 1483882.904842721, 0.0, -0.014080873475957724]",1.1,"POLYGON ((259950.1132204796 1483877.7371621553, 259950.1132204796 1483872.048489271, 259954.19667378764 1483872.048489271, 259954.19667378764 1483877.7371621553, 259950.1132204796 1483877.7371621553))"
476,880,650,239,0.3671269416809082,infested_tree,jpg/tile_9_20.jpg,9,20,801,761,"[259948.02925120515, 0.014080873475957724, 0.0, 1483868.8239692452, 0.0, -0.014080873475957724]",1.1,"POLYGON ((259954.7317469797 1483856.4328005863, 259954.7317469797 1483853.0674718255, 259963.88431473906 1483853.0674718255, 259963.88431473906 1483856.4328005863, 259954.7317469797 1483856.4328005863))"
870,153,259,307,0.3670409321784973,infested_tree,jpg/tile_9_21.jpg,9,21,999,0,"[259948.02925120515, 0.014080873475957724, 0.0, 1483854.7430957693, 0.0, -0.014080873475957724]",1.1,"POLYGON ((259960.27961112923 1483852.5887221275, 259960.27961112923 1483848.2658939704, 259963.9265573595 1483848.2658939704, 259963.9265573595 1483852.5887221275, 259960.27961112923 1483852.5887221275))"
460,857,414,282,0.553066611289978,infested_tree,jpg/tile_10_2.jpg,10,2,667,716,"[259962.11012468112, 0.014080873475957724, 0.0, 1484122.2796918123, 0.0, -0.014080873475957724]",1.1,"POLYGON ((259968.58732648005 1484110.2123832435, 259968.58732648005 1484106.2415769233, 259974.4168080991 1484106.2415769233, 259974.4168080991 1484110.2123832435, 259968.58732648005 1484110.2123832435))"
462,850,434,295,0.5480540990829468,healthy_tree,jpg/tile_10_2.jpg,10,2,679,703,"[259962.11012468112, 0.014080873475957724, 0.0, 1484122.2796918123, 0.0, -0.014080873475957724]",1.1,"POLYGON ((259968.61548822702 1484110.3109493577, 259968.61548822702 1484106.1570916823, 259974.72658731558 1484106.1570916823, 259974.72658731558 1484110.3109493577, 259968.61548822702 1484110.3109493577))"
811,724,376,532,0.3638620972633362,infested_tree,jpg/tile_10_2.jpg,10,2,999,458,"[259962.11012468112, 0.014080873475957724, 0.0, 1484122.2796918123, 0.0, -0.014080873475957724]",1.1,"POLYGON ((259973.5297130701 1484112.0851394157, 259973.5297130701 1484104.5941147264, 259978.82412149708 1484104.5941147264, 259978.82412149708 1484112.0851394157, 259973.5297130701 1484112.0851394157))"
183,135,367,271,0.58412104845047,infested_tree,jpg/tile_10_3.jpg,10,3,366,0,"[259962.11012468112, 0.014080873475957724, 0.0, 1484108.1988183365, 0.0, -0.014080873475957724]",1.1,"POLYGON ((259964.68692452722 1484106.2979004171, 259964.68692452722 1484102.4819837052, 259969.8546050929 1484102.4819837052, 259969.8546050929 1484106.2979004171, 259964.68692452722 1484106.2979004171))"
173,805,346,389,0.3871153593063354,infested_tree,jpg/tile_10_3.jpg,10,3,346,611,"[259962.11012468112, 0.014080873475957724, 0.0, 1484108.1988183365, 0.0, -0.014080873475957724]",1.1,"POLYGON ((259964.54611579244 1484096.8637151883, 259964.54611579244 1484091.3862554063, 259969.41809801513 1484091.3862554063, 259969.41809801513 1484096.8637151883, 259964.54611579244 1484096.8637151883))"
153,261,306,476,0.4171444177627563,infested_tree,jpg/tile_10_4.jpg,10,4,306,23,"[259962.11012468112, 0.014080873475957724, 0.0, 1484094.1179448606, 0.0, -0.014080873475957724]",1.1,"POLYGON ((259964.26449832294 1484090.4428368835, 259964.26449832294 1484083.740341109, 259968.5732456066 1484083.740341109, 259968.5732456066 1484090.4428368835, 259964.26449832294 1484090.4428368835))"
521,832,609,329,0.2782742381095886,infested_tree,jpg/tile_10_4.jpg,10,4,825,668,"[259962.11012468112, 0.014080873475957724, 0.0, 1484094.1179448606, 0.0, -0.014080873475957724]",1.1,"POLYGON ((259969.4462597621 1484082.4026581286, 259969.4462597621 1484077.770050755, 259978.02151170897 1484077.770050755, 259978.02151170897 1484082.4026581286, 259969.4462597621 1484082.4026581286))"
715,115,568,228,0.2994618713855743,infested_tree,jpg/tile_10_5.jpg,10,5,999,1,"[259962.11012468112, 0.014080873475957724, 0.0, 1484080.0370713845, 0.0, -0.014080873475957724]",1.1,"POLYGON ((259972.17794921642 1484078.4177709348, 259972.17794921642 1484075.2073317822, 259980.17588535076 1484075.2073317822, 259980.17588535076 1484078.4177709348, 259972.17794921642 1484078.4177709348))"
179,788,353,414,0.3622699379920959,infested_tree,jpg/tile_10_9.jpg,10,9,355,581,"[259962.11012468112, 0.014080873475957724, 0.0, 1484023.7135774808, 0.0, -0.014080873475957724]",1.1,"POLYGON ((259964.6306010333 1484012.6178491816, 259964.6306010333 1484006.7883675627, 259969.6011493703 1484006.7883675627, 259969.6011493703 1484012.6178491816, 259964.6306010333 1484012.6178491816))"
49,67,98,115,0.3209044337272644,infested_tree,jpg/tile_10_20.jpg,10,20,98,10,"[259962.11012468112, 0.014080873475957724, 0.0, 1483868.8239692452, 0.0, -0.014080873475957724]",1.1,"POLYGON ((259962.80008748145 1483867.8805507224, 259962.80008748145 1483866.2612502726, 259964.18001308208 1483866.2612502726, 259964.18001308208 1483867.8805507224, 259962.80008748145 1483867.8805507224))"
82,162,165,325,0.5290785431861877,infested_tree,jpg/tile_10_21.jpg,10,21,164,0,"[259962.11012468112, 0.014080873475957724, 0.0, 1483854.7430957693, 0.0, -0.014080873475957724]",1.1,"POLYGON ((259963.26475630613 1483852.4619942661, 259963.26475630613 1483847.8857103866, 259965.58810042965 1483847.8857103866, 259965.58810042965 1483852.4619942661, 259963.26475630613 1483852.4619942661))"
337,167,393,332,0.5099841356277466,infested_tree,jpg/tile_10_21.jpg,10,21,533,1,"[259962.11012468112, 0.014080873475957724, 0.0, 1483854.7430957693, 0.0, -0.014080873475957724]",1.1,"POLYGON ((259966.8553790425 1483852.3915898988, 259966.8553790425 1483847.7167399048, 259972.38916231855 1483847.7167399048, 259972.38916231855 1483852.3915898988, 259966.8553790425 1483852.3915898988))"
217,866,435,267,0.5943953990936279,infested_tree,jpg/tile_11_2.jpg,11,2,434,733,"[259976.19099815708, 0.014080873475957724, 0.0, 1484122.2796918123, 0.0, -0.014080873475957724]",1.1,"POLYGON ((259979.24654770136 1484110.0856553821, 259979.24654770136 1484106.326062164, 259985.3717276634 1484106.326062164, 259985.3717276634 1484110.0856553821, 259979.24654770136 1484110.0856553821))"
287,115,556,225,0.3278320133686065,infested_tree,jpg/tile_11_3.jpg,11,3,565,3,"[259976.19099815708, 0.014080873475957724, 0.0, 1484108.1988183365, 0.0, -0.014080873475957724]",1.1,"POLYGON ((259980.23220884468 1484106.5795178867, 259980.23220884468 1484103.4113213546, 259988.06117449733 1484103.4113213546, 259988.06117449733 1484106.5795178867, 259980.23220884468 1484106.5795178867))"
600,326,442,431,0.6691528558731079,infested_tree,jpg/tile_11_5.jpg,11,5,821,111,"[259976.19099815708, 0.014080873475957724, 0.0, 1484080.0370713845, 0.0, -0.014080873475957724]",1.1,"POLYGON ((259984.63952224265 1484075.4467066312, 259984.63952224265 1484069.377850163, 259990.86326831902 1484069.377850163, 259990.86326831902 1484075.4467066312, 259984.63952224265 1484075.4467066312))"
882,789,235,417,0.6205989122390747,healthy_tree,jpg/tile_11_5.jpg,11,5,999,581,"[259976.19099815708, 0.014080873475957724, 0.0, 1484080.0370713845, 0.0, -0.014080873475957724]",1.1,"POLYGON ((259988.61032856288 1484068.927262212, 259988.61032856288 1484063.0555379724, 259991.91933382972 1484063.0555379724, 259991.91933382972 1484068.927262212, 259988.61032856288 1484068.927262212))"
275,482,450,346,0.6867161393165588,infested_tree,jpg/tile_11_8.jpg,11,8,500,309,"[259976.19099815708, 0.014080873475957724, 0.0, 1484037.7944509566, 0.0, -0.014080873475957724]",1.1,"POLYGON ((259980.06323836296 1484031.0074699412, 259980.06323836296 1484026.1354877185, 259986.39963142714 1484026.1354877185, 259986.39963142714 1484031.0074699412, 259980.06323836296 1484031.0074699412))"
723,682,343,401,0.3454101383686065,healthy_tree,jpg/tile_11_8.jpg,11,8,894,482,"[259976.19099815708, 0.014080873475957724, 0.0, 1484037.7944509566, 0.0, -0.014080873475957724]",1.1,"POLYGON ((259986.3714696802 1484028.1912952461, 259986.3714696802 1484022.5448649824, 259991.20120928244 1484022.5448649824, 259991.20120928244 1484028.1912952461, 259986.3714696802 1484028.1912952461))"
503,378,510,393,0.5938447117805481,infested_tree,jpg/tile_12_5.jpg,12,5,758,182,"[259990.27187163304, 0.014080873475957724, 0.0, 1484080.0370713845, 0.0, -0.014080873475957724]",1.1,"POLYGON ((259997.35455099144 1484074.7145012105, 259997.35455099144 1484069.1807179344, 260004.5357964642 1484069.1807179344, 260004.5357964642 1484074.7145012105, 259997.35455099144 1484074.7145012105))"
167,794,329,401,0.4106031656265259,infested_tree,jpg/tile_12_5.jpg,12,5,331,594,"[259990.27187163304, 0.014080873475957724, 0.0, 1484080.0370713845, 0.0, -0.014080873475957724]",1.1,"POLYGON ((259992.62337750354 1484068.8568578446, 259992.62337750354 1484063.2104275809, 259997.25598487712 1484063.2104275809, 259997.25598487712 1484068.8568578446, 259992.62337750354 1484068.8568578446))"
859,471,275,346,0.3509751558303833,infested_tree,jpg/tile_12_5.jpg,12,5,996,298,"[259990.27187163304, 0.014080873475957724, 0.0, 1484080.0370713845, 0.0, -0.014080873475957724]",1.1,"POLYGON ((260002.36734194888 1484073.4049799773, 260002.36734194888 1484068.5329977546, 260006.23958215475 1484068.5329977546, 260006.23958215475 1484073.4049799773, 260002.36734194888 1484073.4049799773))"
485,389,487,376,0.2996265888214111,healthy_tree,jpg/tile_12_5.jpg,12,5,728,201,"[259990.27187163304, 0.014080873475957724, 0.0, 1484080.0370713845, 0.0, -0.014080873475957724]",1.1,"POLYGON ((259997.10109526888 1484074.5596116025, 259997.10109526888 1484069.2652031756, 260003.95848065167 1484069.2652031756, 260003.95848065167 1484074.5596116025, 259997.10109526888 1484074.5596116025))"
283,114,473,229,0.3650969564914703,infested_tree,jpg/tile_12_6.jpg,12,6,519,0,"[259990.27187163304, 0.014080873475957724, 0.0, 1484065.9561979086, 0.0, -0.014080873475957724]",1.1,"POLYGON ((259994.25675882673 1484064.3509783323, 259994.25675882673 1484061.1264583063, 260000.91701198084 1484061.1264583063, 260000.91701198084 1484064.3509783323, 259994.25675882673 1484064.3509783323))"
682,917,496,165,0.3488187491893768,infested_tree,jpg/tile_13_2.jpg,13,2,930,835,"[260004.352745109, 0.014080873475957724, 0.0, 1484122.2796918123, 0.0, -0.014080873475957724]",1.1,"POLYGON ((260013.9559008196 1484109.3675308349, 260013.9559008196 1484107.0441867113, 260020.94001406367 1484107.0441867113, 260020.94001406367 1484109.3675308349, 260013.9559008196 1484109.3675308349))"
679,122,518,245,0.4519041180610657,infested_tree,jpg/tile_13_3.jpg,13,3,938,0,"[260004.352745109, 0.014080873475957724, 0.0, 1484108.1988183365, 0.0, -0.014080873475957724]",1.1,"POLYGON ((260013.9136581992 1484106.4809517723, 260013.9136581992 1484103.0311377707, 260021.20755065975 1484103.0311377707, 260021.20755065975 1484106.4809517723, 260013.9136581992 1484106.4809517723))"
762,656,384,290,0.725257933139801,infested_tree,jpg/tile_13_5.jpg,13,5,954,511,"[260004.352745109, 0.014080873475957724, 0.0, 1484080.0370713845, 0.0, -0.014080873475957724]",1.1,"POLYGON ((260015.0823706977 1484070.8000183844, 260015.0823706977 1484066.7165650763, 260020.48942611247 1484066.7165650763, 260020.48942611247 1484070.8000183844, 260015.0823706977 1484070.8000183844))"
399,579,389,281,0.3906908333301544,infested_tree,jpg/tile_13_5.jpg,13,5,593,439,"[260004.352745109, 0.014080873475957724, 0.0, 1484080.0370713845, 0.0, -0.014080873475957724]",1.1,"POLYGON ((260009.9710136259 1484071.884245642, 260009.9710136259 1484067.9275201953, 260015.44847340806 1484067.9275201953, 260015.44847340806 1484071.884245642, 260009.9710136259 1484071.884245642))"
376,275,731,550,0.2976462543010711,infested_tree,jpg/tile_13_6.jpg,13,6,741,0,"[260004.352745109, 0.014080873475957724, 0.0, 1484065.9561979086, 0.0, -0.014080873475957724]",1.1,"POLYGON ((260009.64715353597 1484062.0839577026, 260009.64715353597 1484054.3394772909, 260019.9402720469 1484054.3394772909, 260019.9402720469 1484062.0839577026, 260009.64715353597 1484062.0839577026))"
734,438,525,567,0.4086560606956482,infested_tree,jpg/tile_14_3.jpg,14,3,996,155,"[260018.43361858494, 0.014080873475957724, 0.0, 1484108.1988183365, 0.0, -0.014080873475957724]",1.1,"POLYGON ((260028.7689797163 1484102.031395754, 260028.7689797163 1484094.0475404933, 260036.16143829116 1484094.0475404933, 260036.16143829116 1484102.031395754, 260028.7689797163 1484102.031395754))"
762,482,456,596,0.5795382261276245,infested_tree,jpg/tile_14_6.jpg,14,6,990,184,"[260018.43361858494, 0.014080873475957724, 0.0, 1484065.9561979086, 0.0, -0.014080873475957724]",1.1,"POLYGON ((260029.16324417363 1484059.1692168931, 260029.16324417363 1484050.7770163014, 260035.58412247867 1484050.7770163014, 260035.58412247867 1484059.1692168931, 260029.16324417363 1484059.1692168931))"
245,390,490,643,0.4187380075454712,infested_tree,jpg/tile_14_6.jpg,14,6,490,69,"[260018.43361858494, 0.014080873475957724, 0.0, 1484065.9561979086, 0.0, -0.014080873475957724]",1.1,"POLYGON ((260021.88343258656 1484060.464657253, 260021.88343258656 1484051.410655608, 260028.78306058978 1484051.410655608, 260028.78306058978 1484060.464657253, 260021.88343258656 1484060.464657253))"
787,836,418,323,0.7172825336456299,infested_tree,jpg/tile_14_7.jpg,14,7,996,675,"[260018.43361858494, 0.014080873475957724, 0.0, 1484051.8753244327, 0.0, -0.014080873475957724]",1.1,"POLYGON ((260029.5152660105 1484040.1037142067, 260029.5152660105 1484035.555592074, 260035.40107112346 1484035.555592074, 260035.40107112346 1484040.1037142067, 260029.5152660105 1484040.1037142067))"
223,642,390,282,0.3179164826869964,infested_tree,jpg/tile_14_7.jpg,14,7,418,501,"[260018.43361858494, 0.014080873475957724, 0.0, 1484051.8753244327, 0.0, -0.014080873475957724]",1.1,"POLYGON ((260021.57365337008 1484042.8354036612, 260021.57365337008 1484038.864597341, 260027.0651940257 1484038.864597341, 260027.0651940257 1484042.8354036612, 260021.57365337008 1484042.8354036612))"
208,782,417,425,0.4926642775535583,healthy_tree,jpg/tile_14_13.jpg,14,13,416,570,"[260018.43361858494, 0.014080873475957724, 0.0, 1483967.3900835768, 0.0, -0.014080873475957724]",1.1,"POLYGON ((260021.36244026793 1483956.3788405186, 260021.36244026793 1483950.3944692914, 260027.2341645074 1483950.3944692914, 260027.2341645074 1483956.3788405186, 260021.36244026793 1483956.3788405186))"
865,880,259,235,0.4921920597553253,infested_tree,jpg/tile_14_15.jpg,14,15,994,763,"[260018.43361858494, 0.014080873475957724, 0.0, 1483939.228336625, 0.0, -0.014080873475957724]",1.1,"POLYGON ((260030.61357414164 1483926.8371679662, 260030.61357414164 1483923.5281626994, 260034.2605203719 1483923.5281626994, 260034.2605203719 1483926.8371679662, 260030.61357414164 1483926.8371679662))"
863,884,270,231,0.4017803072929382,healthy_tree,jpg/tile_14_15.jpg,14,15,998,769,"[260018.43361858494, 0.014080873475957724, 0.0, 1483939.228336625, 0.0, -0.014080873475957724]",1.1,"POLYGON ((260030.5854123947 1483926.7808444723, 260030.5854123947 1483923.5281626994, 260034.3872482332 1483923.5281626994, 260034.3872482332 1483926.7808444723, 260030.5854123947 1483926.7808444723))"
769,214,460,429,0.3531785011291504,infested_tree,jpg/tile_14_16.jpg,14,16,999,0,"[260018.43361858494, 0.014080873475957724, 0.0, 1483925.147463149, 0.0, -0.014080873475957724]",1.1,"POLYGON ((260029.26181028795 1483922.134156225, 260029.26181028795 1483916.0934615037, 260035.73901208688 1483916.0934615037, 260035.73901208688 1483922.134156225, 260029.26181028795 1483922.134156225))"
739,681,473,506,0.2930939793586731,healthy_tree,jpg/tile_14_16.jpg,14,16,975,428,"[260018.43361858494, 0.014080873475957724, 0.0, 1483925.147463149, 0.0, -0.014080873475957724]",1.1,"POLYGON ((260028.83938408367 1483915.5583883119, 260028.83938408367 1483908.433466333, 260035.49963723778 1483908.433466333, 260035.49963723778 1483915.5583883119, 260028.83938408367 1483915.5583883119))"
884,914,225,171,0.3759960830211639,infested_tree,jpg/tile_14_17.jpg,14,17,996,829,"[260018.43361858494, 0.014080873475957724, 0.0, 1483911.066589673, 0.0, -0.014080873475957724]",1.1,"POLYGON ((260030.88111073768 1483898.196671316, 260030.88111073768 1483895.7888419516, 260034.04930726977 1483895.7888419516, 260034.04930726977 1483898.196671316, 260030.88111073768 1483898.196671316))"
888,132,220,264,0.4373402595520019,infested_tree,jpg/tile_14_18.jpg,14,18,998,0,"[260018.43361858494, 0.014080873475957724, 0.0, 1483896.9857161972, 0.0, -0.014080873475957724]",1.1,"POLYGON ((260030.9374342316 1483895.1270408984, 260030.9374342316 1483891.4096903007, 260034.0352263963 1483891.4096903007, 260034.0352263963 1483895.1270408984, 260030.9374342316 1483895.1270408984))"
270,923,396,153,0.7086530327796936,infested_tree,jpg/tile_15_5.jpg,15,5,468,847,"[260032.5144920609, 0.014080873475957724, 0.0, 1484080.0370713845, 0.0, -0.014080873475957724]",1.1,"POLYGON ((260036.3163278994 1484067.0404251663, 260036.3163278994 1484064.8860515244, 260041.89235379588 1484064.8860515244, 260041.89235379588 1484067.0404251663, 260036.3163278994 1484067.0404251663))"
825,876,337,246,0.4038483202457428,healthy_tree,jpg/tile_15_6.jpg,15,6,993,753,"[260032.5144920609, 0.014080873475957724, 0.0, 1484065.9561979086, 0.0, -0.014080873475957724]",1.1,"POLYGON ((260044.13121267856 1484053.6213527436, 260044.13121267856 1484050.1574578686, 260048.87646703995 1484050.1574578686, 260048.87646703995 1484053.6213527436, 260044.13121267856 1484053.6213527436))"
921,471,156,615,0.3100179433822632,infested_tree,jpg/tile_15_8.jpg,15,8,999,164,"[260032.5144920609, 0.014080873475957724, 0.0, 1484037.7944509566, 0.0, -0.014080873475957724]",1.1,"POLYGON ((260045.48297653225 1484031.1623595494, 260045.48297653225 1484022.5026223618, 260047.6795927945 1484022.5026223618, 260047.6795927945 1484031.1623595494, 260045.48297653225 1484031.1623595494))"
824,714,351,531,0.3344035744667053,healthy_tree,jpg/tile_15_9.jpg,15,9,999,449,"[260032.5144920609, 0.014080873475957724, 0.0, 1484023.7135774808, 0.0, -0.014080873475957724]",1.1,"POLYGON ((260044.11713180508 1484013.659833819, 260044.11713180508 1484006.182890003, 260049.05951839514 1484006.182890003, 260049.05951839514 1484013.659833819, 260044.11713180508 1484013.659833819))"
213,172,426,345,0.6121417880058289,infested_tree,jpg/tile_15_16.jpg,15,16,426,0,"[260032.5144920609, 0.014080873475957724, 0.0, 1483925.147463149, 0.0, -0.014080873475957724]",1.1,"POLYGON ((260035.5137181113 1483922.7255529112, 260035.5137181113 1483917.867651562, 260041.51217021205 1483917.867651562, 260041.51217021205 1483922.7255529112, 260035.5137181113 1483922.7255529112))"
879,625,240,703,0.3462727069854736,infested_tree,jpg/tile_15_16.jpg,15,16,999,274,"[260032.5144920609, 0.014080873475957724, 0.0, 1483925.147463149, 0.0, -0.014080873475957724]",1.1,"POLYGON ((260044.89157984627 1483916.3469172264, 260044.89157984627 1483906.4480631729, 260048.2709894805 1483906.4480631729, 260048.2709894805 1483916.3469172264, 260044.89157984627 1483916.3469172264))"
77,88,154,176,0.5827955007553101,healthy_tree,jpg/tile_15_18.jpg,15,18,154,0,"[260032.5144920609, 0.014080873475957724, 0.0, 1483896.9857161972, 0.0, -0.014080873475957724]",1.1,"POLYGON ((260033.59871931854 1483895.7465993313, 260033.59871931854 1483893.2683655994, 260035.76717383385 1483893.2683655994, 260035.76717383385 1483895.7465993313, 260033.59871931854 1483895.7465993313))"
77,94,154,189,0.4895118474960327,infested_tree,jpg/tile_15_18.jpg,15,18,154,0,"[260032.5144920609, 0.014080873475957724, 0.0, 1483896.9857161972, 0.0, -0.014080873475957724]",1.1,"POLYGON ((260033.59871931854 1483895.6621140905, 260033.59871931854 1483893.0008290035, 260035.76717383385 1483893.0008290035, 260035.76717383385 1483895.6621140905, 260033.59871931854 1483895.6621140905))"
720,884,475,231,0.2631101012229919,infested_tree,jpg/tile_16_3.jpg,16,3,957,769,"[260046.59536553686, 0.014080873475957724, 0.0, 1484108.1988183365, 0.0, -0.014080873475957724]",1.1,"POLYGON ((260056.73359443955 1484095.7513261838, 260056.73359443955 1484092.4986444109, 260063.42200934063 1484092.4986444109, 260063.42200934063 1484095.7513261838, 260056.73359443955 1484095.7513261838))"
623,75,581,150,0.3226936757564544,infested_tree,jpg/tile_16_4.jpg,16,4,913,0,"[260046.59536553686, 0.014080873475957724, 0.0, 1484094.1179448606, 0.0, -0.014080873475957724]",1.1,"POLYGON ((260055.3677497124 1484093.0618793499, 260055.3677497124 1484090.9497483284, 260063.54873720193 1484090.9497483284, 260063.54873720193 1484093.0618793499, 260055.3677497124 1484093.0618793499))"
655,782,307,290,0.3247070908546448,healthy_tree,jpg/tile_16_9.jpg,16,9,808,637,"[260046.59536553686, 0.014080873475957724, 0.0, 1484023.7135774808, 0.0, -0.014080873475957724]",1.1,"POLYGON ((260055.81833766363 1484012.7023344226, 260055.81833766363 1484008.6188811145, 260060.14116582074 1484008.6188811145, 260060.14116582074 1484012.7023344226, 260055.81833766363 1484012.7023344226))"
639,426,503,431,0.2947539091110229,healthy_tree,jpg/tile_16_9.jpg,16,9,890,211,"[260046.59536553686, 0.014080873475957724, 0.0, 1484023.7135774808, 0.0, -0.014080873475957724]",1.1,"POLYGON ((260055.59304368802 1484017.71512538, 260055.59304368802 1484011.646268912, 260062.6757230464 1484011.646268912, 260062.6757230464 1484017.71512538, 260055.59304368802 1484017.71512538))"
910,781,178,396,0.284861147403717,infested_tree,jpg/tile_16_9.jpg,16,9,999,583,"[260046.59536553686, 0.014080873475957724, 0.0, 1484023.7135774808, 0.0, -0.014080873475957724]",1.1,"POLYGON ((260059.40896039997 1484012.716415296, 260059.40896039997 1484007.1403893996, 260061.9153558787 1484007.1403893996, 260061.9153558787 1484012.716415296, 260059.40896039997 1484012.716415296))"
657,424,507,451,0.2685447633266449,infested_tree,jpg/tile_16_9.jpg,16,9,910,199,"[260046.59536553686, 0.014080873475957724, 0.0, 1484023.7135774808, 0.0, -0.014080873475957724]",1.1,"POLYGON ((260055.84649941057 1484017.743287127, 260055.84649941057 1484011.3928131894, 260062.9855022629 1484011.3928131894, 260062.9855022629 1484017.743287127, 260055.84649941057 1484017.743287127))"
475,785,420,373,0.5159875154495239,infested_tree,jpg/tile_16_15.jpg,16,15,685,599,"[260046.59536553686, 0.014080873475957724, 0.0, 1483939.228336625, 0.0, -0.014080873475957724]",1.1,"POLYGON ((260053.28378043795 1483928.1748509463, 260053.28378043795 1483922.9226851398, 260059.19774729785 1483922.9226851398, 260059.19774729785 1483928.1748509463, 260053.28378043795 1483928.1748509463))"
279,417,475,392,0.578677773475647,infested_tree,jpg/tile_16_16.jpg,16,16,516,221,"[260046.59536553686, 0.014080873475957724, 0.0, 1483925.147463149, 0.0, -0.014080873475957724]",1.1,"POLYGON ((260050.52392923666 1483919.2757389094, 260050.52392923666 1483913.7560365067, 260057.21234413775 1483913.7560365067, 260057.21234413775 1483919.2757389094, 260050.52392923666 1483919.2757389094))"
628,663,698,623,0.610390305519104,healthy_tree,jpg/tile_16_17.jpg,16,17,977,352,"[260046.59536553686, 0.014080873475957724, 0.0, 1483911.066589673, 0.0, -0.014080873475957724]",1.1,"POLYGON ((260055.43815407978 1483901.7309705585, 260055.43815407978 1483892.958586383, 260065.266603766 1483892.958586383, 260065.266603766 1483901.7309705585, 260055.43815407978 1483901.7309705585))"
372,921,467,156,0.3928196430206299,infested_tree,jpg/tile_17_3.jpg,17,3,605,843,"[260060.67623901283, 0.014080873475957724, 0.0, 1484108.1988183365, 0.0, -0.014080873475957724]",1.1,"POLYGON ((260065.91432394588 1484095.2303338652, 260065.91432394588 1484093.033717603, 260072.49009185916 1484093.033717603, 260072.49009185916 1484095.2303338652, 260065.91432394588 1484095.2303338652))"
267,335,514,467,0.5751100778579712,infested_tree,jpg/tile_17_4.jpg,17,4,524,102,"[260060.67623901283, 0.014080873475957724, 0.0, 1484094.1179448606, 0.0, -0.014080873475957724]",1.1,"POLYGON ((260064.4358322309 1484089.4008522462, 260064.4358322309 1484082.8250843328, 260071.67340119753 1484082.8250843328, 260071.67340119753 1484089.4008522462, 260064.4358322309 1484089.4008522462))"
532,877,528,245,0.3813077807426452,infested_tree,jpg/tile_17_6.jpg,17,6,796,755,"[260060.67623901283, 0.014080873475957724, 0.0, 1484065.9561979086, 0.0, -0.014080873475957724]",1.1,"POLYGON ((260068.16726370202 1484053.6072718701, 260068.16726370202 1484050.1574578686, 260075.60196489733 1484050.1574578686, 260075.60196489733 1484053.6072718701, 260068.16726370202 1484053.6072718701))"
823,146,353,281,0.3269936442375183,infested_tree,jpg/tile_17_7.jpg,17,7,999,6,"[260060.67623901283, 0.014080873475957724, 0.0, 1484051.8753244327, 0.0, -0.014080873475957724]",1.1,"POLYGON ((260072.26479788354 1484049.8195169054, 260072.26479788354 1484045.8627914586, 260077.23534622055 1484045.8627914586, 260077.23534622055 1484049.8195169054, 260072.26479788354 1484049.8195169054))"
764,914,418,170,0.4282896816730499,infested_tree,jpg/tile_17_9.jpg,17,9,973,829,"[260060.67623901283, 0.014080873475957724, 0.0, 1484023.7135774808, 0.0, -0.014080873475957724]",1.1,"POLYGON ((260071.43402634846 1484010.8436591236, 260071.43402634846 1484008.4499106328, 260077.3198314614 1484008.4499106328, 260077.3198314614 1484010.8436591236, 260071.43402634846 1484010.8436591236))"
323,865,534,262,0.2648213505744934,infested_tree,jpg/tile_17_9.jpg,17,9,590,734,"[260060.67623901283, 0.014080873475957724, 0.0, 1484023.7135774808, 0.0, -0.014080873475957724]",1.1,"POLYGON ((260065.22436114555 1484011.533621924, 260065.22436114555 1484007.8444330732, 260072.74354758172 1484007.8444330732, 260072.74354758172 1484011.533621924, 260065.22436114555 1484011.533621924))"
939,92,120,178,0.4067561328411102,infested_tree,jpg/tile_17_10.jpg,17,10,999,3,"[260060.67623901283, 0.014080873475957724, 0.0, 1484009.6327040046, 0.0, -0.014080873475957724]",1.1,"POLYGON ((260073.89817920676 1484008.337263645, 260073.89817920676 1484005.8308681662, 260075.58788402387 1484005.8308681662, 260075.58788402387 1484008.337263645, 260073.89817920676 1484008.337263645))"
564,138,712,276,0.3917897045612335,infested_tree,jpg/tile_17_10.jpg,17,10,920,0,"[260060.67623901283, 0.014080873475957724, 0.0, 1484009.6327040046, 0.0, -0.014080873475957724]",1.1,"POLYGON ((260068.61785165328 1484007.689543465, 260068.61785165328 1484003.8032223855, 260078.64343356816 1484003.8032223855, 260078.64343356816 1484007.689543465, 260068.61785165328 1484007.689543465))"
565,941,478,114,0.2829691171646118,healthy_tree,jpg/tile_18_3.jpg,18,3,804,884,"[260074.7571124888, 0.014080873475957724, 0.0, 1484108.1988183365, 0.0, -0.014080873475957724]",1.1,"POLYGON ((260082.7128060027 1484094.9487163955, 260082.7128060027 1484093.3434968193, 260089.44346352422 1484093.3434968193, 260089.44346352422 1484094.9487163955, 260082.7128060027 1484094.9487163955))"
321,859,518,271,0.4627582728862762,infested_tree,jpg/tile_18_4.jpg,18,4,580,724,"[260074.7571124888, 0.014080873475957724, 0.0, 1484094.1179448606, 0.0, -0.014080873475957724]",1.1,"POLYGON ((260079.27707287457 1484082.0224745448, 260079.27707287457 1484078.206557833, 260086.57096533512 1484078.206557833, 260086.57096533512 1484082.0224745448, 260079.27707287457 1484082.0224745448))"
325,853,518,292,0.4590892791748047,healthy_tree,jpg/tile_18_4.jpg,18,4,584,707,"[260074.7571124888, 0.014080873475957724, 0.0, 1484094.1179448606, 0.0, -0.014080873475957724]",1.1,"POLYGON ((260079.33339636849 1484082.1069597856, 260079.33339636849 1484077.9953447306, 260086.62728882904 1484077.9953447306, 260086.62728882904 1484082.1069597856, 260079.33339636849 1484082.1069597856))"
785,919,407,160,0.3723029494285583,infested_tree,jpg/tile_18_4.jpg,18,4,988,839,"[260074.7571124888, 0.014080873475957724, 0.0, 1484094.1179448606, 0.0, -0.014080873475957724]",1.1,"POLYGON ((260085.81059816742 1484081.1776221362, 260085.81059816742 1484078.92468238, 260091.54151367213 1484078.92468238, 260091.54151367213 1484081.1776221362, 260085.81059816742 1484081.1776221362))"
255,358,295,264,0.6013447046279907,healthy_tree,jpg/tile_18_7.jpg,18,7,402,226,"[260074.7571124888, 0.014080873475957724, 0.0, 1484051.8753244327, 0.0, -0.014080873475957724]",1.1,"POLYGON ((260078.34773522516 1484046.8343717284, 260078.34773522516 1484043.1170211306, 260082.50159290057 1484043.1170211306, 260082.50159290057 1484046.8343717284, 260078.34773522516 1484046.8343717284))"
195,164,390,328,0.7726787328720093,infested_tree,jpg/tile_18_10.jpg,18,10,390,0,"[260074.7571124888, 0.014080873475957724, 0.0, 1484009.6327040046, 0.0, -0.014080873475957724]",1.1,"POLYGON ((260077.5028828166 1484007.3234407546, 260077.5028828166 1484002.7049142544, 260082.9944234722 1484002.7049142544, 260082.9944234722 1484007.3234407546, 260077.5028828166 1484007.3234407546))"
670,865,543,265,0.480756014585495,infested_tree,jpg/tile_19_4.jpg,19,4,941,733,"[260088.83798596475, 0.014080873475957724, 0.0, 1484094.1179448606, 0.0, -0.014080873475957724]",1.1,"POLYGON ((260098.27217119365 1484081.9379893038, 260098.27217119365 1484078.2065578327, 260105.91808549108 1484078.2065578327, 260105.91808549108 1484081.9379893038, 260098.27217119365 1484081.9379893038))"
181,403,362,589,0.2963986396789551,infested_tree,jpg/tile_19_5.jpg,19,5,362,109,"[260088.83798596475, 0.014080873475957724, 0.0, 1484080.0370713845, 0.0, -0.014080873475957724]",1.1,"POLYGON ((260091.3866240639 1484074.3624793736, 260091.3866240639 1484066.0688448963, 260096.4839002622 1484066.0688448963, 260096.4839002622 1484074.3624793736, 260091.3866240639 1484074.3624793736))"
277,916,529,164,0.281962513923645,infested_tree,jpg/tile_19_7.jpg,19,7,541,834,"[260088.83798596475, 0.014080873475957724, 0.0, 1484051.8753244327, 0.0, -0.014080873475957724]",1.1,"POLYGON ((260092.7383879176 1484038.9772443287, 260092.7383879176 1484036.6679810786, 260100.1871699864 1484036.6679810786, 260100.1871699864 1484038.9772443287, 260092.7383879176 1484038.9772443287))"
779,867,425,260,0.6070764064788818,healthy_tree,jpg/tile_19_8.jpg,19,8,991,737,"[260088.83798596475, 0.014080873475957724, 0.0, 1484037.7944509566, 0.0, -0.014080873475957724]",1.1,"POLYGON ((260099.80698640252 1484025.586333653, 260099.80698640252 1484021.9253065493, 260105.7913576298 1484021.9253065493, 260105.7913576298 1484025.586333653, 260099.80698640252 1484025.586333653))"
262,123,490,246,0.3951339721679687,infested_tree,jpg/tile_19_8.jpg,19,8,507,0,"[260088.83798596475, 0.014080873475957724, 0.0, 1484037.7944509566, 0.0, -0.014080873475957724]",1.1,"POLYGON ((260092.52717481545 1484036.062503519, 260092.52717481545 1484032.598608644, 260099.42680281866 1484032.598608644, 260099.42680281866 1484036.062503519, 260092.52717481545 1484036.062503519))"
745,859,496,278,0.2503157556056976,infested_tree,jpg/tile_19_8.jpg,19,8,993,720,"[260088.83798596475, 0.014080873475957724, 0.0, 1484037.7944509566, 0.0, -0.014080873475957724]",1.1,"POLYGON ((260099.32823670434 1484025.6989806409, 260099.32823670434 1484021.7844978145, 260106.31234994842 1484021.7844978145, 260106.31234994842 1484025.6989806409, 260099.32823670434 1484025.6989806409))"
619,829,651,340,0.3637527227401733,infested_tree,jpg/tile_19_9.jpg,19,9,944,659,"[260088.83798596475, 0.014080873475957724, 0.0, 1484023.7135774808, 0.0, -0.014080873475957724]",1.1,"POLYGON ((260097.55404664637 1484012.0405333692, 260097.55404664637 1484007.2530363873, 260106.72069527922 1484007.2530363873, 260106.72069527922 1484012.0405333692, 260097.55404664637 1484012.0405333692))"
869,211,260,410,0.3566711544990539,infested_tree,jpg/tile_19_9.jpg,19,9,999,6,"[260088.83798596475, 0.014080873475957724, 0.0, 1484023.7135774808, 0.0, -0.014080873475957724]",1.1,"POLYGON ((260101.07426501537 1484020.7425131772, 260101.07426501537 1484014.969355052, 260104.73529211912 1484014.969355052, 260104.73529211912 1484020.7425131772, 260101.07426501537 1484020.7425131772))"
115,253,228,464,0.5214861631393433,healthy_tree,jpg/tile_19_10.jpg,19,10,229,21,"[260088.83798596475, 0.014080873475957724, 0.0, 1484009.6327040046, 0.0, -0.014080873475957724]",1.1,"POLYGON ((260090.4572864145 1484006.0702430152, 260090.4572864145 1483999.5367177224, 260093.667725567 1483999.5367177224, 260093.667725567 1484006.0702430152, 260090.4572864145 1484006.0702430152))"
217,496,410,373,0.6283074021339417,infested_tree,jpg/tile_20_5.jpg,20,5,422,310,"[260102.9188594407, 0.014080873475957724, 0.0, 1484080.0370713845, 0.0, -0.014080873475957724]",1.1,"POLYGON ((260105.97440898497 1484073.0529581404, 260105.97440898497 1484067.800792334, 260111.7475671101 1484067.800792334, 260111.7475671101 1484073.0529581404, 260105.97440898497 1484073.0529581404))"
822,579,354,562,0.4308747351169586,infested_tree,jpg/tile_20_8.jpg,20,8,999,298,"[260102.9188594407, 0.014080873475957724, 0.0, 1484037.7944509566, 0.0, -0.014080873475957724]",1.1,"POLYGON ((260114.49333743792 1484029.6416252141, 260114.49333743792 1484021.7281743207, 260119.4779666484 1484021.7281743207, 260119.4779666484 1484029.6416252141, 260114.49333743792 1484029.6416252141))"
276,264,543,503,0.3904066085815429,healthy_tree,jpg/tile_20_9.jpg,20,9,547,13,"[260102.9188594407, 0.014080873475957724, 0.0, 1484023.7135774808, 0.0, -0.014080873475957724]",1.1,"POLYGON ((260106.80518052005 1484019.996226883, 260106.80518052005 1484012.9135475247, 260114.4510948175 1484012.9135475247, 260114.4510948175 1484019.996226883, 260106.80518052005 1484019.996226883))"
214,921,418,157,0.3058529198169708,infested_tree,jpg/tile_20_9.jpg,20,9,423,843,"[260102.9188594407, 0.014080873475957724, 0.0, 1484023.7135774808, 0.0, -0.014080873475957724]",1.1,"POLYGON ((260105.93216636454 1484010.7450930094, 260105.93216636454 1484008.5343958738, 260111.8179714775 1484008.5343958738, 260111.8179714775 1484010.7450930094, 260105.93216636454 1484010.7450930094))"
269,252,535,501,0.2770723700523376,infested_tree,jpg/tile_20_9.jpg,20,9,536,2,"[260102.9188594407, 0.014080873475957724, 0.0, 1484023.7135774808, 0.0, -0.014080873475957724]",1.1,"POLYGON ((260106.70661440573 1484020.1651973648, 260106.70661440573 1484013.1106797534, 260114.23988171536 1484013.1106797534, 260114.23988171536 1484020.1651973648, 260106.70661440573 1484020.1651973648))"
275,111,550,223,0.2833049893379211,infested_tree,jpg/tile_20_10.jpg,20,10,550,0,"[260102.9188594407, 0.014080873475957724, 0.0, 1484009.6327040046, 0.0, -0.014080873475957724]",1.1,"POLYGON ((260106.79109964657 1484008.0697270487, 260106.79109964657 1484004.9296922637, 260114.53558005835 1484004.9296922637, 260114.53558005835 1484008.0697270487, 260106.79109964657 1484008.0697270487))"
718,685,421,381,0.2830848097801208,infested_tree,jpg/tile_20_10.jpg,20,10,928,495,"[260102.9188594407, 0.014080873475957724, 0.0, 1484009.6327040046, 0.0, -0.014080873475957724]",1.1,"POLYGON ((260113.02892659642 1483999.9873056735, 260113.02892659642 1483994.6224928792, 260118.9569743298 1483994.6224928792, 260118.9569743298 1483999.9873056735, 260113.02892659642 1483999.9873056735))"
635,798,503,403,0.4358332753181457,infested_tree,jpg/tile_21_5.jpg,21,5,886,597,"[260116.99973291665, 0.014080873475957724, 0.0, 1484080.0370713845, 0.0, -0.014080873475957724]",1.1,"POLYGON ((260125.94108757388 1484068.8005343506, 260125.94108757388 1484063.1259423397, 260133.02376693228 1484063.1259423397, 260133.02376693228 1484068.8005343506, 260125.94108757388 1484068.8005343506))"
82,350,160,207,0.3583934307098388,infested_tree,jpg/tile_21_6.jpg,21,6,162,247,"[260116.99973291665, 0.014080873475957724, 0.0, 1484065.9561979086, 0.0, -0.014080873475957724]",1.1,"POLYGON ((260118.15436454167 1484061.0278921921, 260118.15436454167 1484058.1131513827, 260120.4073042978 1484058.1131513827, 260120.4073042978 1484061.0278921921, 260118.15436454167 1484061.0278921921))"
440,675,509,546,0.385999321937561,infested_tree,jpg/tile_21_8.jpg,21,8,694,402,"[260116.99973291665, 0.014080873475957724, 0.0, 1484037.7944509566, 0.0, -0.014080873475957724]",1.1,"POLYGON ((260123.19531724608 1484028.2898613603, 260123.19531724608 1484020.6017044424, 260130.36248184534 1484020.6017044424, 260130.36248184534 1484028.2898613603, 260123.19531724608 1484028.2898613603))"
107,414,212,584,0.3695136904716491,infested_tree,jpg/tile_21_9.jpg,21,9,213,122,"[260116.99973291665, 0.014080873475957724, 0.0, 1484023.7135774808, 0.0, -0.014080873475957724]",1.1,"POLYGON ((260118.50638637858 1484017.8840958618, 260118.50638637858 1484009.6608657518, 260121.49153155548 1484009.6608657518, 260121.49153155548 1484017.8840958618, 260118.50638637858 1484017.8840958618))"
777,666,423,667,0.29603111743927,infested_tree,jpg/tile_21_9.jpg,21,9,988,333,"[260116.99973291665, 0.014080873475957724, 0.0, 1484023.7135774808, 0.0, -0.014080873475957724]",1.1,"POLYGON ((260127.94057160747 1484014.3357157458, 260127.94057160747 1484004.9437731374, 260133.8967810878 1484004.9437731374, 260133.8967810878 1484014.3357157458, 260127.94057160747 1484014.3357157458))"
829,811,334,339,0.5055538415908813,healthy_tree,jpg/tile_21_10.jpg,21,10,996,642,"[260116.99973291665, 0.014080873475957724, 0.0, 1484009.6327040046, 0.0, -0.014080873475957724]",1.1,"POLYGON ((260128.67277702823 1483998.2131156155, 260128.67277702823 1483993.439699507, 260133.3757887692 1483993.439699507, 260133.3757887692 1483998.2131156155, 260128.67277702823 1483998.2131156155))"
832,813,335,332,0.2651168704032898,infested_tree,jpg/tile_21_10.jpg,21,10,999,647,"[260116.99973291665, 0.014080873475957724, 0.0, 1484009.6327040046, 0.0, -0.014080873475957724]",1.1,"POLYGON ((260128.71501964866 1483998.1849538686, 260128.71501964866 1483993.5101038746, 260133.4321122631 1483993.5101038746, 260133.4321122631 1483998.1849538686, 260128.71501964866 1483998.1849538686))"
942,894,115,210,0.4198065996170044,infested_tree,jpg/tile_22_6.jpg,22,6,999,789,"[260131.0806063926, 0.014080873475957724, 0.0, 1484065.9561979086, 0.0, -0.014080873475957724]",1.1,"POLYGON ((260144.34478920695 1484053.3678970211, 260144.34478920695 1484050.4109135913, 260145.96408965669 1484050.4109135913, 260145.96408965669 1484053.3678970211, 260144.34478920695 1484053.3678970211))"
725,162,476,321,0.7481645345687866,infested_tree,jpg/tile_22_8.jpg,22,8,963,2,"[260131.0806063926, 0.014080873475957724, 0.0, 1484037.7944509566, 0.0, -0.014080873475957724]",1.1,"POLYGON ((260141.28923966267 1484035.5133494535, 260141.28923966267 1484030.9933890677, 260147.99173543722 1484030.9933890677, 260147.99173543722 1484035.5133494535, 260141.28923966267 1484035.5133494535))"
718,532,531,646,0.7271149158477783,infested_tree,jpg/tile_22_10.jpg,22,10,983,209,"[260131.0806063926, 0.014080873475957724, 0.0, 1484009.6327040046, 0.0, -0.014080873475957724]",1.1,"POLYGON ((260141.19067354835 1484002.1416793154, 260141.19067354835 1483993.0454350498, 260148.6676173641 1483993.0454350498, 260148.6676173641 1484002.1416793154, 260141.19067354835 1484002.1416793154))"
853,765,293,468,0.4816842973232269,infested_tree,jpg/tile_23_5.jpg,23,5,999,531,"[260145.16147986858, 0.014080873475957724, 0.0, 1484080.0370713845, 0.0, -0.014080873475957724]",1.1,"POLYGON ((260157.17246494358 1484069.2652031754, 260157.17246494358 1484062.6753543885, 260161.29816087204 1484062.6753543885, 260161.29816087204 1484069.2652031754, 260157.17246494358 1484069.2652031754))"
197,864,376,271,0.5931612253189087,infested_tree,jpg/tile_23_6.jpg,23,6,385,729,"[260145.16147986858, 0.014080873475957724, 0.0, 1484065.9561979086, 0.0, -0.014080873475957724]",1.1,"POLYGON ((260147.93541194333 1484053.7903232253, 260147.93541194333 1484049.9744065134, 260153.2298203703 1484049.9744065134, 260153.2298203703 1484053.7903232253, 260147.93541194333 1484053.7903232253))"
317,578,498,593,0.3723828494548797,infested_tree,jpg/tile_23_6.jpg,23,6,566,282,"[260145.16147986858, 0.014080873475957724, 0.0, 1484065.9561979086, 0.0, -0.014080873475957724]",1.1,"POLYGON ((260149.62511676046 1484057.8174530396, 260149.62511676046 1484049.4674950684, 260156.6373917515 1484049.4674950684, 260156.6373917515 1484057.8174530396, 260149.62511676046 1484057.8174530396))"
713,164,520,326,0.519881010055542,infested_tree,jpg/tile_23_7.jpg,23,7,973,1,"[260145.16147986858, 0.014080873475957724, 0.0, 1484051.8753244327, 0.0, -0.014080873475957724]",1.1,"POLYGON ((260155.20114265694 1484049.5660611826, 260155.20114265694 1484044.9756964294, 260162.52319686444 1484044.9756964294, 260162.52319686444 1484049.5660611826, 260155.20114265694 1484049.5660611826))"
213,82,426,164,0.4442446529865265,infested_tree,jpg/tile_23_7.jpg,23,7,426,0,"[260145.16147986858, 0.014080873475957724, 0.0, 1484051.8753244327, 0.0, -0.014080873475957724]",1.1,"POLYGON ((260148.16070591897 1484050.7206928078, 260148.16070591897 1484048.4114295577, 260154.15915801973 1484048.4114295577, 260154.15915801973 1484050.7206928078, 260148.16070591897 1484050.7206928078))"
169,571,339,539,0.3928055465221405,infested_tree,jpg/tile_23_7.jpg,23,7,338,302,"[260145.16147986858, 0.014080873475957724, 0.0, 1484051.8753244327, 0.0, -0.014080873475957724]",1.1,"POLYGON ((260147.54114748602 1484043.835145678, 260147.54114748602 1484036.2455548744, 260152.31456359435 1484036.2455548744, 260152.31456359435 1484043.835145678, 260147.54114748602 1484043.835145678))"
674,913,557,170,0.2961914241313934,infested_tree,jpg/tile_23_8.jpg,23,8,952,828,"[260145.16147986858, 0.014080873475957724, 0.0, 1484037.7944509566, 0.0, -0.014080873475957724]",1.1,"POLYGON ((260154.65198859136 1484024.938613473, 260154.65198859136 1484022.5448649821, 260162.49503511746 1484022.5448649821, 260162.49503511746 1484024.938613473, 260154.65198859136 1484024.938613473))"
200,690,393,490,0.700249195098877,infested_tree,jpg/tile_23_9.jpg,23,9,396,445,"[260145.16147986858, 0.014080873475957724, 0.0, 1484023.7135774808, 0.0, -0.014080873475957724]",1.1,"POLYGON ((260147.97765456376 1484013.9977747824, 260147.97765456376 1484007.0981467792, 260153.5114378398 1484007.0981467792, 260153.5114378398 1484013.9977747824, 260147.97765456376 1484013.9977747824))"
578,784,467,431,0.610973596572876,infested_tree,jpg/tile_24_5.jpg,24,5,811,569,"[260159.24235334454, 0.014080873475957724, 0.0, 1484080.0370713845, 0.0, -0.014080873475957724]",1.1,"POLYGON ((260167.38109821363 1484068.9976665794, 260167.38109821363 1484062.9288101112, 260173.95686612691 1484062.9288101112, 260173.95686612691 1484068.9976665794, 260167.38109821363 1484068.9976665794))"
409,804,487,390,0.6831559538841248,infested_tree,jpg/tile_25_5.jpg,25,5,652,609,"[260173.32322682047, 0.014080873475957724, 0.0, 1484080.0370713845, 0.0, -0.014080873475957724]",1.1,"POLYGON ((260179.08230407213 1484068.7160491098, 260179.08230407213 1484063.224508454, 260185.9396894549 1484063.224508454, 260185.9396894549 1484068.7160491098, 260179.08230407213 1484068.7160491098))"
703,664,337,296,0.5085431337356567,healthy_tree,jpg/tile_25_6.jpg,25,6,871,516,"[260173.32322682047, 0.014080873475957724, 0.0, 1484065.9561979086, 0.0, -0.014080873475957724]",1.1,"POLYGON ((260183.22208087408 1484056.6064979206, 260183.22208087408 1484052.4385593717, 260187.96733523547 1484052.4385593717, 260187.96733523547 1484056.6064979206, 260183.22208087408 1484056.6064979206))"
174,160,348,321,0.4363996684551239,infested_tree,jpg/tile_25_6.jpg,25,6,348,0,"[260173.32322682047, 0.014080873475957724, 0.0, 1484065.9561979086, 0.0, -0.014080873475957724]",1.1,"POLYGON ((260175.7732988053 1484063.7032581524, 260175.7732988053 1484059.1832977666, 260180.67344277492 1484059.1832977666, 260180.67344277492 1484063.7032581524, 260175.7732988053 1484063.7032581524))"
67,867,132,264,0.2584308385848999,healthy_tree,jpg/tile_25_6.jpg,25,6,133,735,"[260173.32322682047, 0.014080873475957724, 0.0, 1484065.9561979086, 0.0, -0.014080873475957724]",1.1,"POLYGON ((260174.26664534336 1484053.748080605, 260174.26664534336 1484050.0307300072, 260176.1253206422 1484050.0307300072, 260176.1253206422 1484053.748080605, 260174.26664534336 1484053.748080605))"
222,907,429,184,0.3362737894058227,healthy_tree,jpg/tile_26_5.jpg,26,5,436,815,"[260187.40410029644, 0.014080873475957724, 0.0, 1484080.0370713845, 0.0, -0.014080873475957724]",1.1,"POLYGON ((260190.5300542081 1484067.2657191418, 260190.5300542081 1484064.6748384223, 260196.57074892928 1484064.6748384223, 260196.57074892928 1484067.2657191418, 260190.5300542081 1484067.2657191418))"
